"violation_date","daily_total_violations","daily_total_cyclists"
2018-01-01,3,3726
2018-01-02,58,8977
2018-01-03,74,11500
2018-01-04,6,1665
2018-01-05,14,3308
2018-01-06,10,3194
2018-01-07,26,3638
2018-01-08,34,7240
2018-01-09,103,11018
2018-01-10,90,12569
2018-01-11,85,15202
2018-01-12,64,9442
2018-01-13,126,8932
2018-01-14,21,6364
2018-01-15,66,8904
2018-01-16,79,13830
2018-01-17,62,8553
2018-01-18,89,13333
2018-01-19,81,15186
2018-01-20,47,15660
2018-01-21,21,15112
2018-01-22,35,19271
2018-01-23,58,12535
2018-01-24,76,18968
2018-01-25,130,15235
2018-01-26,96,16050
2018-01-27,28,17249
2018-01-28,26,9121
2018-01-29,83,18743
2018-01-30,93,12102
2018-01-31,169,14696
2018-02-01,113,16544
2018-02-02,92,12111
2018-02-03,40,8812
2018-02-04,33,7090
2018-02-05,44,14564
2018-02-06,77,16570
2018-02-07,114,7603
2018-02-08,216,15016
2018-02-09,123,15007
2018-02-10,77,9651
2018-02-11,12,5143
2018-02-12,76,17852
2018-02-13,117,17193
2018-02-14,211,20323
2018-02-15,184,21171
2018-02-16,66,13081
2018-02-17,36,9275
2018-02-18,21,9223
2018-02-19,51,13206
2018-02-20,149,24797
2018-02-21,209,30208
2018-02-22,205,13095
2018-02-23,141,11962
2018-02-24,74,12234
2018-02-25,67,7484
2018-02-26,116,23561
2018-02-27,172,26890
2018-02-28,142,28332
2018-03-01,182,21512
2018-03-02,35,5203
2018-03-03,66,12495
2018-03-04,26,12172
2018-03-05,97,19007
2018-03-06,212,21527
2018-03-07,39,5004
2018-03-08,40,10863
2018-03-09,92,15864
2018-03-10,52,13126
2018-03-11,82,13685
2018-03-12,66,18172
2018-03-13,53,8856
2018-03-14,87,17190
2018-03-15,93,18271
2018-03-16,148,16860
2018-03-17,32,13983
2018-03-18,19,13010
2018-03-19,41,20073
2018-03-20,90,16603
2018-03-21,25,3534
2018-03-22,82,9138
2018-03-23,82,17529
2018-03-24,23,17376
2018-03-25,19,13388
2018-03-26,57,21659
2018-03-27,158,21872
2018-03-28,79,20335
2018-03-29,121,19522
2018-03-30,104,15805
2018-03-31,22,21652
2018-04-01,4,16457
2018-04-02,39,8290
2018-04-03,67,12178
2018-04-04,98,15867
2018-04-05,132,20268
2018-04-06,75,15602
2018-04-07,54,16400
2018-04-08,40,15738
2018-04-09,169,20795
2018-04-10,219,20314
2018-04-11,213,26027
2018-04-12,275,28506
2018-04-13,210,35192
2018-04-14,31,37689
2018-04-15,22,9842
2018-04-16,28,10047
2018-04-17,171,23092
2018-04-18,180,27018
2018-04-19,142,18122
2018-04-20,87,24211
2018-04-21,59,28631
2018-04-22,60,30627
2018-04-23,90,34031
2018-04-24,168,33859
2018-04-25,80,13043
2018-04-26,209,38218
2018-04-27,131,18905
2018-04-28,65,29066
2018-04-29,72,20669
2018-04-30,73,20887
2018-05-01,207,39741
2018-05-02,146,42332
2018-05-03,297,37932
2018-05-04,257,35101
2018-05-05,33,33903
2018-05-06,39,27666
2018-05-07,108,37050
2018-05-08,124,41134
2018-05-09,155,40469
2018-05-10,204,30797
2018-05-11,156,37089
2018-05-12,48,13404
2018-05-13,15,9824
2018-05-14,151,29929
2018-05-15,153,26186
2018-05-16,140,14929
2018-05-17,138,18499
2018-05-18,87,27615
2018-05-19,19,7370
2018-05-20,32,23972
2018-05-21,55,39955
2018-05-22,215,21490
2018-05-23,87,39048
2018-05-24,175,39995
2018-05-25,118,34851
2018-05-26,86,25689
2018-05-27,21,9106
2018-05-28,31,23888
2018-05-29,154,37169
2018-05-30,260,37691
2018-05-31,138,25847
2018-06-01,205,25919
2018-06-02,68,27978
2018-06-03,37,22361
2018-06-04,39,26258
2018-06-05,116,38974
2018-06-06,203,37541
2018-06-07,155,37049
2018-06-08,120,35934
2018-06-09,49,32826
2018-06-10,53,17267
2018-06-11,102,35306
2018-06-12,98,41908
2018-06-13,87,29862
2018-06-14,152,39556
2018-06-15,123,35048
2018-06-16,66,31079
2018-06-17,48,25685
2018-06-18,131,32134
2018-06-19,302,36481
2018-06-20,242,38773
2018-06-21,210,33270
2018-06-22,124,34966
2018-06-23,37,20430
2018-06-24,119,26971
2018-06-25,65,37209
2018-06-26,95,40897
2018-06-27,174,36860
2018-06-28,180,24035
2018-06-29,194,34637
2018-06-30,80,28595
2018-07-01,9,22429
2018-07-02,41,31720
2018-07-03,147,30437
2018-07-04,87,24082
2018-07-05,258,33067
2018-07-06,102,23431
2018-07-07,84,34281
2018-07-08,91,32548
2018-07-09,60,39953
2018-07-10,135,40895
2018-07-11,210,40974
2018-07-12,180,41991
2018-07-13,126,39915
2018-07-14,40,30691
2018-07-15,29,21568
2018-07-16,76,34551
2018-07-17,63,22950
2018-07-18,184,39294
2018-07-19,135,41118
2018-07-20,128,37636
2018-07-21,58,27146
2018-07-22,46,18431
2018-07-23,50,20344
2018-07-24,175,34165
2018-07-25,134,16645
2018-07-26,189,34567
2018-07-27,138,26315
2018-07-28,114,29288
2018-07-29,129,28726
2018-07-30,113,36320
2018-07-31,306,39598
2018-08-01,210,27219
2018-08-02,186,32792
2018-08-03,126,27965
2018-08-04,45,22178
2018-08-05,61,26523
2018-08-06,50,31068
2018-08-07,164,32123
2018-08-08,172,33132
2018-08-09,178,34735
2018-08-10,113,33052
2018-08-11,14,13740
2018-08-12,46,25625
2018-08-13,39,19141
2018-08-14,179,31300
2018-08-15,204,37230
2018-08-16,163,34576
2018-08-17,119,28986
2018-08-18,94,26379
2018-08-19,30,17253
2018-08-20,95,34285
2018-08-21,169,37807
2018-08-22,160,34651
2018-08-23,122,36339
2018-08-24,166,33744
2018-08-25,48,30346
2018-08-26,25,27460
2018-08-27,88,33216
2018-08-28,134,31550
2018-08-29,284,29618
2018-08-30,165,31237
2018-08-31,87,26365
2018-09-01,37,26432
2018-09-02,19,25267
2018-09-03,14,23323
2018-09-04,69,32009
2018-09-05,116,34296
2018-09-06,91,30467
2018-09-07,127,31382
2018-09-08,74,26008
2018-09-09,33,13378
2018-09-10,39,9741
2018-09-11,119,25166
2018-09-12,172,24715
2018-09-13,142,29412
2018-09-14,105,32297
2018-09-15,70,31546
2018-09-16,52,30655
2018-09-17,114,33729
2018-09-18,99,21028
2018-09-19,238,38210
2018-09-20,204,36121
2018-09-21,104,33703
2018-09-22,79,33163
2018-09-23,39,23209
2018-09-24,99,32533
2018-09-25,50,10635
2018-09-26,120,26411
2018-09-27,194,33668
2018-09-28,66,20320
2018-09-29,60,30972
2018-09-30,47,28222
2018-10-01,124,34204
2018-10-02,159,34611
2018-10-03,102,36519
2018-10-04,136,34432
2018-10-05,107,32590
2018-10-06,31,25280
2018-10-07,47,26329
2018-10-08,85,24827
2018-10-09,167,33653
2018-10-10,203,35966
2018-10-11,121,17074
2018-10-12,126,27663
2018-10-13,29,19053
2018-10-14,32,22523
2018-10-15,35,21746
2018-10-16,128,30546
2018-10-17,156,29536
2018-10-18,145,25455
2018-10-19,95,26548
2018-10-20,46,22962
2018-10-21,72,15813
2018-10-22,104,24594
2018-10-23,134,30019
2018-10-24,174,27870
2018-10-25,145,26408
2018-10-26,75,23547
2018-10-27,11,6197
2018-10-28,51,17138
2018-10-29,76,24884
2018-10-30,139,28188
2018-10-31,117,29010
2018-11-01,88,32638
2018-11-02,55,21434
2018-11-03,14,17806
2018-11-04,58,18363
2018-11-05,48,11916
2018-11-06,64,13844
2018-11-07,138,29557
2018-11-08,130,28251
2018-11-09,117,14353
2018-11-10,42,14962
2018-11-11,42,14581
2018-11-12,100,20778
2018-11-13,78,12434
2018-11-14,181,20799
2018-11-15,76,8235
2018-11-16,64,10091
2018-11-17,57,14820
2018-11-18,34,13353
2018-11-19,108,21847
2018-11-20,73,20007
2018-11-21,64,15242
2018-11-22,1,3269
2018-11-23,45,6406
2018-11-24,26,7895
2018-11-25,39,14196
2018-11-26,50,11170
2018-11-27,111,19522
2018-11-28,106,18554
2018-11-29,125,19863
2018-11-30,94,16441
2018-12-01,31,13878
2018-12-02,6,6881
2018-12-03,125,22721
2018-12-04,111,19637
2018-12-05,71,17714
2018-12-06,138,17535
2018-12-07,54,16458
2018-12-08,34,10875
2018-12-09,30,10634
2018-12-10,92,17039
2018-12-11,192,17944
2018-12-12,109,18255
2018-12-13,130,13453
2018-12-14,49,16223
2018-12-15,26,11573
2018-12-16,8,4777
2018-12-17,123,17103
2018-12-18,169,15242
2018-12-19,118,15871
2018-12-20,136,11972
2018-12-21,34,7673
2018-12-22,14,9706
2018-12-23,34,8467
2018-12-24,2,6283
2018-12-25,NA,4046
2018-12-26,74,9736
2018-12-27,75,11755
2018-12-28,13,5420
2018-12-29,37,12023
2018-12-30,18,8675
2018-12-31,NA,7315
2019-01-01,17,8830
2019-01-02,49,15529
2019-01-03,109,17134
2019-01-04,70,16759
2019-01-05,19,6566
2019-01-06,32,12172
2019-01-07,37,14454
2019-01-08,73,13689
2019-01-09,220,17599
2019-01-10,124,14392
2019-01-11,80,12027
2019-01-12,40,8967
2019-01-13,26,7957
2019-01-14,46,12874
2019-01-15,137,15012
2019-01-16,138,15545
2019-01-17,86,14358
2019-01-18,88,10943
2019-01-19,35,8493
2019-01-20,6,4896
2019-01-21,28,3913
2019-01-22,107,9248
2019-01-23,127,14902
2019-01-24,125,7577
2019-01-25,136,14284
2019-01-26,57,9377
2019-01-27,36,11625
2019-01-28,89,14122
2019-01-29,123,10670
2019-01-30,110,7815
2019-01-31,73,5563
2019-02-01,74,7966
2019-02-02,46,8099
2019-02-03,37,12582
2019-02-04,98,20327
2019-02-05,213,23793
2019-02-06,214,15611
2019-02-07,259,16151
2019-02-08,114,12834
2019-02-09,54,8922
2019-02-10,19,9361
2019-02-11,103,15002
2019-02-12,28,5233
2019-02-13,146,11089
2019-02-14,166,15595
2019-02-15,136,17610
2019-02-16,57,12560
2019-02-17,21,9784
2019-02-18,110,9528
2019-02-19,152,13280
2019-02-20,26,6570
2019-02-21,171,12921
2019-02-22,137,15983
2019-02-23,97,12332
2019-02-24,33,8457
2019-02-25,84,11800
2019-02-26,146,13716
2019-02-27,203,12574
2019-02-28,158,13334
2019-03-01,120,10015
2019-03-02,27,6147
2019-03-03,19,8654
2019-03-04,75,7074
2019-03-05,151,11507
2019-03-06,152,10496
2019-03-07,161,11340
2019-03-08,78,12959
2019-03-09,62,14895
2019-03-10,33,6779
2019-03-11,183,20418
2019-03-12,198,18236
2019-03-13,193,18571
2019-03-14,155,21778
2019-03-15,59,18569
2019-03-16,55,16657
2019-03-17,51,13175
2019-03-18,75,18343
2019-03-19,253,20566
2019-03-20,132,21907
2019-03-21,193,7862
2019-03-22,84,10716
2019-03-23,31,13224
2019-03-24,11,20474
2019-03-25,84,21726
2019-03-26,133,21026
2019-03-27,165,21076
2019-03-28,209,22160
2019-03-29,121,22130
2019-03-30,51,27305
2019-03-31,14,11828
2019-04-01,122,19137
2019-04-02,198,22169
2019-04-03,197,26685
2019-04-04,153,26476
2019-04-05,107,11878
2019-04-06,55,27565
2019-04-07,52,26315
2019-04-08,100,30197
2019-04-09,125,21868
2019-04-10,76,29050
2019-04-11,183,23872
2019-04-12,132,21142
2019-04-13,57,29012
2019-04-14,39,23392
2019-04-15,88,18580
2019-04-16,197,28925
2019-04-17,176,28868
2019-04-18,157,23332
2019-04-19,113,24172
2019-04-20,24,12473
2019-04-21,17,22634
2019-04-22,84,17642
2019-04-23,183,36094
2019-04-24,137,35730
2019-04-25,290,28353
2019-04-26,134,11690
2019-04-27,44,22733
2019-04-28,32,15467
2019-04-29,165,27483
2019-04-30,184,24944
2019-05-01,177,24581
2019-05-02,149,27196
2019-05-03,163,23911
2019-05-04,58,22575
2019-05-05,22,12135
2019-05-06,169,32504
2019-05-07,223,32351
2019-05-08,191,34361
2019-05-09,152,28287
2019-05-10,117,24654
2019-05-11,31,30044
2019-05-12,15,5493
2019-05-13,50,8371
2019-05-14,191,15617
2019-05-15,271,31920
2019-05-16,173,34357
2019-05-17,76,29949
2019-05-18,39,32518
2019-05-19,88,27922
2019-05-20,155,33073
2019-05-21,118,35009
2019-05-22,207,36492
2019-05-23,170,18652
2019-05-24,120,32970
2019-05-25,36,26885
2019-05-26,16,22478
2019-05-27,83,28855
2019-05-28,122,21816
2019-05-29,156,21717
2019-05-30,156,19536
2019-05-31,155,36525
2019-06-01,43,31829
2019-06-02,48,25648
2019-06-03,217,35861
2019-06-04,212,38948
2019-06-05,148,29290
2019-06-06,153,35956
2019-06-07,96,35468
2019-06-08,38,34363
2019-06-09,37,31583
2019-06-10,103,11498
2019-06-11,196,30023
2019-06-12,226,34954
2019-06-13,100,15271
2019-06-14,179,36164
2019-06-15,59,33849
2019-06-16,73,23083
2019-06-17,174,27708
2019-06-18,125,13815
2019-06-19,187,21518
2019-06-20,173,20395
2019-06-21,106,24202
2019-06-22,72,35440
2019-06-23,95,33449
2019-06-24,88,36516
2019-06-25,93,25896
2019-06-26,203,39525
2019-06-27,180,38932
2019-06-28,103,40549
2019-06-29,50,36991
2019-06-30,36,34234
2019-07-01,89,40239
2019-07-02,166,38675
2019-07-03,232,33075
2019-07-04,72,23196
2019-07-05,142,36028
2019-07-06,79,34421
2019-07-07,160,48335
2019-07-08,149,35053
2019-07-09,241,49478
2019-07-10,221,50481
2019-07-11,198,36042
2019-07-12,192,46080
2019-07-13,83,43894
2019-07-14,79,46422
2019-07-15,51,55429
2019-07-16,161,57394
2019-07-17,194,54404
2019-07-18,68,43045
2019-07-19,166,36867
2019-07-20,71,24694
2019-07-21,66,35626
2019-07-22,79,29699
2019-07-23,103,22914
2019-07-24,159,42673
2019-07-25,157,39744
2019-07-26,160,36257
2019-07-27,74,36885
2019-07-28,81,28091
2019-07-29,73,33658
2019-07-30,193,35621
2019-07-31,240,27344
2019-08-01,229,40207
2019-08-02,181,35832
2019-08-03,62,31734
2019-08-04,54,27777
2019-08-05,77,36441
2019-08-06,108,36256
2019-08-07,198,21379
2019-08-08,272,36140
2019-08-09,312,36088
2019-08-10,65,36253
2019-08-11,18,33018
2019-08-12,154,34828
2019-08-13,164,29234
2019-08-14,128,31287
2019-08-15,324,39380
2019-08-16,126,34378
2019-08-17,45,34950
2019-08-18,44,25010
2019-08-19,90,31464
2019-08-20,148,35505
2019-08-21,195,28886
2019-08-22,127,31364
2019-08-23,77,25265
2019-08-24,45,30385
2019-08-25,35,29053
2019-08-26,81,34181
2019-08-27,128,36571
2019-08-28,132,26935
2019-08-29,87,36613
2019-08-30,73,32651
2019-08-31,32,27756
2019-09-01,23,27958
2019-09-02,34,14882
2019-09-03,147,37225
2019-09-04,171,34878
2019-09-05,188,38352
2019-09-06,99,22175
2019-09-07,56,31041
2019-09-08,46,36948
2019-09-09,139,36084
2019-09-10,186,36309
2019-09-11,145,38800
2019-09-12,235,27578
2019-09-13,203,35263
2019-09-14,60,29814
2019-09-15,36,32114
2019-09-16,110,33185
2019-09-17,169,39150
2019-09-18,259,37615
2019-09-19,262,36594
2019-09-20,133,35326
2019-09-21,45,34250
2019-09-22,27,30554
2019-09-23,66,34794
2019-09-24,85,38234
2019-09-25,120,38436
2019-09-26,120,33268
2019-09-27,101,34995
2019-09-28,30,31715
2019-09-29,31,29612
2019-09-30,189,32011
2019-10-01,291,35975
2019-10-02,308,32472
2019-10-03,188,14501
2019-10-04,134,32100
2019-10-05,75,26635
2019-10-06,65,24180
2019-10-07,77,28178
2019-10-08,177,29558
2019-10-09,84,17562
2019-10-10,82,29112
2019-10-11,83,28081
2019-10-12,42,26301
2019-10-13,51,24047
2019-10-14,88,29371
2019-10-15,140,33408
2019-10-16,111,15508
2019-10-17,102,22602
2019-10-18,118,26749
2019-10-19,57,26644
2019-10-20,21,12399
2019-10-21,96,31281
2019-10-22,94,19287
2019-10-23,185,31130
2019-10-24,156,46063
2019-10-25,159,54242
2019-10-26,52,50389
2019-10-27,6,25329
2019-10-28,112,53517
2019-10-29,149,43231
2019-10-30,170,59750
2019-10-31,18,28024
2019-11-01,68,45911
2019-11-02,30,40573
2019-11-03,19,40550
2019-11-04,120,59291
2019-11-05,140,58329
2019-11-06,240,57384
2019-11-07,147,40896
2019-11-08,91,23689
2019-11-09,19,17053
2019-11-10,19,21793
2019-11-11,94,53120
2019-11-12,56,47934
2019-11-13,97,30166
2019-11-14,205,36012
2019-11-15,138,40300
2019-11-16,40,18200
2019-11-17,24,16532
2019-11-18,48,17970
2019-11-19,146,27731
2019-11-20,148,30953
2019-11-21,128,32840
2019-11-22,157,29261
2019-11-23,15,44627
2019-11-24,14,25183
2019-11-25,141,48899
2019-11-26,106,57323
2019-11-27,111,57456
2019-11-28,NA,32521
2019-11-29,48,37876
2019-11-30,25,24132
2019-12-01,8,22668
2019-12-02,4,23840
2019-12-03,84,27599
2019-12-04,81,32334
2019-12-05,59,22775
2019-12-06,48,23040
2019-12-07,33,16747
2019-12-08,25,16503
2019-12-09,18,9983
2019-12-10,76,16390
2019-12-11,85,14997
2019-12-12,131,19132
2019-12-13,77,15123
2019-12-14,33,13193
2019-12-15,28,15837
2019-12-16,62,17707
2019-12-17,29,9944
2019-12-18,51,16669
2019-12-19,29,12192
2019-12-20,63,15284
2019-12-21,53,12125
2019-12-22,107,12600
2019-12-23,21,16750
2019-12-24,3,11454
2019-12-25,NA,6289
2019-12-26,116,13169
2019-12-27,49,15656
2019-12-28,22,14876
2019-12-29,31,10633
2019-12-30,34,8283
2019-12-31,NA,13622
2020-01-01,16,9998
2020-01-02,58,19529
2020-01-03,55,14293
2020-01-04,45,14570
2020-01-05,36,13633
2020-01-06,91,19003
2020-01-07,138,20068
2020-01-08,150,18533
2020-01-09,117,17268
2020-01-10,107,22031
2020-01-11,45,25235
2020-01-12,38,22616
2020-01-13,104,22244
2020-01-14,104,19018
2020-01-15,173,24827
2020-01-16,116,19944
2020-01-17,102,15740
2020-01-18,35,8459
2020-01-19,28,12112
2020-01-20,64,12423
2020-01-21,95,16540
2020-01-22,143,19044
2020-01-23,167,21513
2020-01-24,100,22603
2020-01-25,28,10347
2020-01-26,18,17135
2020-01-27,144,21110
2020-01-28,185,21434
2020-01-29,214,21139
2020-01-30,126,19690
2020-01-31,107,20872
2020-02-01,60,15769
2020-02-02,24,14775
2020-02-03,132,24199
2020-02-04,213,20588
2020-02-05,187,21445
2020-02-06,104,13544
2020-02-07,44,14487
2020-02-08,39,15670
2020-02-09,52,15890
2020-02-10,72,12705
2020-02-11,70,14997
2020-02-12,146,21894
2020-02-13,94,15643
2020-02-14,65,16975
2020-02-15,48,10966
2020-02-16,43,14266
2020-02-17,122,19077
2020-02-18,188,18132
2020-02-19,231,22676
2020-02-20,135,19151
2020-02-21,105,17116
2020-02-22,54,18347
2020-02-23,52,21628
2020-02-24,116,25816
2020-02-25,101,17134
2020-02-26,110,18944
2020-02-27,104,18554
2020-02-28,107,18837
2020-02-29,36,14564
2020-03-01,63,15722
2020-03-02,104,26421
2020-03-03,108,21646
2020-03-04,114,27755
2020-03-05,109,27774
2020-03-06,53,17398
2020-03-07,34,19061
2020-03-08,47,23111
2020-03-09,96,36214
2020-03-10,125,31760
2020-03-11,224,33499
2020-03-12,162,29385
2020-03-13,60,23417
2020-03-14,74,25909
2020-03-15,56,22491
2020-03-16,45,20867
2020-03-17,86,16851
2020-03-18,93,23165
2020-03-19,57,15323
2020-03-20,26,22286
2020-03-21,18,22613
2020-03-22,7,14461
2020-03-23,16,4737
2020-03-24,58,18269
2020-03-25,35,9890
2020-03-26,27,19236
2020-03-27,20,21207
2020-03-28,1,7499
2020-03-29,1,7668
2020-03-30,3,12258
2020-03-31,NA,11947
2020-04-01,1,16378
2020-04-02,2,14956
2020-04-03,4,8937
2020-04-04,2,21897
2020-04-05,NA,18829
2020-04-06,2,19955
2020-04-07,NA,18119
2020-04-08,1,15458
2020-04-09,1,9938
2020-04-10,NA,11469
2020-04-11,2,23364
2020-04-12,2,21874
2020-04-13,NA,5381
2020-04-14,3,19110
2020-04-15,10,16053
2020-04-16,4,15194
2020-04-17,2,14111
2020-04-18,NA,10966
2020-04-19,NA,33943
2020-04-20,2,16159
2020-04-21,3,12135
2020-04-22,NA,17549
2020-04-23,4,14193
2020-04-24,1,9435
2020-04-25,1,43338
2020-04-26,NA,7599
2020-04-27,NA,12590
2020-04-28,1,30539
2020-04-29,NA,15760
2020-04-30,1,9875
2020-05-01,1,16645
2020-05-02,9,49335
2020-05-03,1,39832
2020-05-04,2,22717
2020-05-05,7,24557
2020-05-06,3,13612
2020-05-07,9,31927
2020-05-08,2,13429
2020-05-09,4,18172
2020-05-10,4,35786
2020-05-11,5,15685
2020-05-12,8,25798
2020-05-13,13,29504
2020-05-14,43,29677
2020-05-15,11,34124
2020-05-16,5,53145
2020-05-17,10,40829
2020-05-18,8,26420
2020-05-19,27,27883
2020-05-20,51,31709
2020-05-21,25,33707
2020-05-22,22,33109
2020-05-23,3,14153
2020-05-24,9,49093
2020-05-25,12,44030
2020-05-26,36,35923
2020-05-27,88,37993
2020-05-28,59,30449
2020-05-29,44,34419
2020-05-30,3,53395
2020-05-31,6,50190
2020-06-01,NA,33715
2020-06-02,11,35522
2020-06-03,25,25156
2020-06-04,22,35646
2020-06-05,NA,23705
2020-06-06,NA,45606
2020-06-07,6,51057
2020-06-08,1,39495
2020-06-09,4,40872
2020-06-10,7,42779
2020-06-11,7,27461
2020-06-12,15,47253
2020-06-13,9,57195
2020-06-14,3,49703
2020-06-15,8,37212
2020-06-16,31,43038
2020-06-17,44,42082
2020-06-18,38,40235
2020-06-19,12,50605
2020-06-20,9,52924
2020-06-21,1,43483
2020-06-22,19,38054
2020-06-23,16,42279
2020-06-24,34,43045
2020-06-25,50,44900
2020-06-26,58,47294
2020-06-27,7,35437
2020-06-28,45,43921
2020-06-29,23,39992
2020-06-30,41,39941
2020-07-01,16,37234
2020-07-02,15,46227
2020-07-03,11,34362
2020-07-04,2,44123
2020-07-05,11,36372
2020-07-06,13,29608
2020-07-07,45,39569
2020-07-08,33,38042
2020-07-09,48,46613
2020-07-10,14,16046
2020-07-11,11,37102
2020-07-12,3,48045
2020-07-13,30,40361
2020-07-14,22,46204
2020-07-15,34,47657
2020-07-16,43,47633
2020-07-17,23,39729
2020-07-18,10,48514
2020-07-19,4,37177
2020-07-20,33,34522
2020-07-21,47,43293
2020-07-22,40,34647
2020-07-23,34,37889
2020-07-24,11,35679
2020-07-25,18,52522
2020-07-26,6,39972
2020-07-27,16,36980
2020-07-28,51,40621
2020-07-29,73,45294
2020-07-30,42,43254
2020-07-31,17,37009
2020-08-01,NA,52878
2020-08-02,7,35751
2020-08-03,31,40155
2020-08-04,27,22009
2020-08-05,38,48233
2020-08-06,55,45302
2020-08-07,44,33710
2020-08-08,22,51331
2020-08-09,8,45732
2020-08-10,31,40161
2020-08-11,52,44287
2020-08-12,48,37524
2020-08-13,32,34143
2020-08-14,14,47588
2020-08-15,5,52761
2020-08-16,2,19211
2020-08-17,8,40628
2020-08-18,42,47499
2020-08-19,43,38588
2020-08-20,58,50351
2020-08-21,33,47586
2020-08-22,25,48282
2020-08-23,11,44040
2020-08-24,44,40113
2020-08-25,51,40810
2020-08-26,90,50149
2020-08-27,48,37766
2020-08-28,40,43361
2020-08-29,19,32334
2020-08-30,7,52384
2020-08-31,29,42249
2020-09-01,57,41863
2020-09-02,83,37544
2020-09-03,105,41719
2020-09-04,51,47783
2020-09-05,30,49745
2020-09-06,2,43893
2020-09-07,21,43876
2020-09-08,65,45726
2020-09-09,86,48083
2020-09-10,30,25003
2020-09-11,50,52006
2020-09-12,26,57637
2020-09-13,39,44988
2020-09-14,27,44903
2020-09-15,108,46914
2020-09-16,170,48760
2020-09-17,90,48922
2020-09-18,75,47921
2020-09-19,35,48252
2020-09-20,14,42384
2020-09-21,38,40407
2020-09-22,116,46183
2020-09-23,91,51240
2020-09-24,84,49178
2020-09-25,65,50583
2020-09-26,36,52210
2020-09-27,15,45111
2020-09-28,38,41643
2020-09-29,72,30936
2020-09-30,90,43029
2020-10-01,133,49587
2020-10-02,48,41047
2020-10-03,45,51255
2020-10-04,10,42357
2020-10-05,21,41369
2020-10-06,62,47103
2020-10-07,72,44835
2020-10-08,54,46345
2020-10-09,50,46383
2020-10-10,28,50707
2020-10-11,15,38700
2020-10-12,11,11349
2020-10-13,80,24730
2020-10-14,94,49064
2020-10-15,118,51744
2020-10-16,18,17719
2020-10-17,18,45589
2020-10-18,16,40821
2020-10-19,34,40504
2020-10-20,50,40591
2020-10-21,74,44241
2020-10-22,55,45287
2020-10-23,45,44349
2020-10-24,21,46810
2020-10-25,9,31489
2020-10-26,22,25588
2020-10-27,71,39943
2020-10-28,95,31447
2020-10-29,38,14612
2020-10-30,19,19322
2020-10-31,7,33973
2020-11-01,18,19561
2020-11-02,35,25888
2020-11-03,30,32982
2020-11-04,75,37327
2020-11-05,82,42652
2020-11-06,42,45053
2020-11-07,19,56453
2020-11-08,19,47542
2020-11-09,37,41963
2020-11-10,81,46121
2020-11-11,70,25281
2020-11-12,46,21577
2020-11-13,47,25559
2020-11-14,38,42535
2020-11-15,18,26066
2020-11-16,41,31949
2020-11-17,126,30399
2020-11-18,53,25249
2020-11-19,84,28657
2020-11-20,48,38629
2020-11-21,9,45043
2020-11-22,8,25484
2020-11-23,15,22018
2020-11-24,37,29310
2020-11-25,48,31038
2020-11-26,2,13794
2020-11-27,13,30518
2020-11-28,26,30595
2020-11-29,12,31014
2020-11-30,11,14086
2020-12-01,33,29515
2020-12-02,64,25768
2020-12-03,85,30045
2020-12-04,27,22870
2020-12-05,6,17090
2020-12-06,17,23181
2020-12-07,32,23872
2020-12-08,38,23828
2020-12-09,58,21399
2020-12-10,62,29708
2020-12-11,40,33749
2020-12-12,34,26088
2020-12-13,18,35446
2020-12-14,18,15579
2020-12-15,41,25637
2020-12-16,47,13498
2020-12-17,1,1962
2020-12-18,16,7989
2020-12-19,12,9430
2020-12-20,5,9863
2020-12-21,10,16295
2020-12-22,25,19701
2020-12-23,40,21248
2020-12-24,18,16273
2020-12-25,NA,6558
2020-12-26,1,11900
2020-12-27,6,15360
2020-12-28,31,22222
2020-12-29,55,19486
2020-12-30,34,19939
2020-12-31,3,13980
2021-01-01,4,11845
2021-01-02,12,25126
2021-01-03,7,9699
2021-01-04,15,21047
2021-01-05,45,22808
2021-01-06,57,22849
2021-01-07,43,23274
2021-01-08,39,22180
2021-01-09,8,19721
2021-01-10,9,20569
2021-01-11,12,20367
2021-01-12,39,23980
2021-01-13,32,24075
2021-01-14,68,27346
2021-01-15,31,23538
2021-01-16,24,21879
2021-01-17,18,22595
2021-01-18,39,24092
2021-01-19,150,23601
2021-01-20,93,20550
2021-01-21,154,23480
2021-01-22,96,25656
2021-01-23,25,18086
2021-01-24,31,15985
2021-01-25,49,20455
2021-01-26,42,14187
2021-01-27,73,21892
2021-01-28,60,19708
2021-01-29,33,13338
2021-01-30,13,15256
2021-01-31,35,12248
2021-02-01,NA,732
2021-02-02,10,2861
2021-02-03,36,7810
2021-02-04,60,12168
2021-02-05,39,15508
2021-02-06,21,17588
2021-02-07,2,6499
2021-02-08,16,9636
2021-02-09,57,12020
2021-02-10,50,14876
2021-02-11,39,12633
2021-02-12,24,14444
2021-02-13,18,12834
2021-02-14,12,13138
2021-02-15,42,12609
2021-02-16,67,18987
2021-02-17,144,16781
2021-02-18,30,4268
2021-02-19,46,8044
2021-02-20,27,12427
2021-02-21,41,14306
2021-02-22,25,11280
2021-02-23,88,17039
2021-02-24,89,24959
2021-02-25,91,23901
2021-02-26,42,23994
2021-02-27,16,15155
2021-02-28,20,12047
2021-03-01,34,16656
2021-03-02,52,16184
2021-03-03,95,27185
2021-03-04,81,22256
2021-03-05,22,19225
2021-03-06,17,17514
2021-03-07,14,18638
2021-03-08,28,20199
2021-03-09,76,32694
2021-03-10,75,29545
2021-03-11,64,37011
2021-03-12,65,35782
2021-03-13,25,27658
2021-03-14,29,22408
2021-03-15,40,17179
2021-03-16,60,19278
2021-03-17,88,23990
2021-03-18,36,12425
2021-03-19,52,21087
2021-03-20,45,32845
2021-03-21,27,36546
2021-03-22,27,30100
2021-03-23,67,33526
2021-03-24,64,17640
2021-03-25,97,32564
2021-03-26,47,32798
2021-03-27,15,43353
2021-03-28,2,12744
2021-03-29,51,24975
2021-03-30,85,32603
2021-03-31,56,20750
2021-04-01,59,20304
2021-04-02,50,20484
2021-04-03,14,28826
2021-04-04,1,31159
2021-04-05,48,33430
2021-04-06,64,38549
2021-04-07,113,38467
2021-04-08,65,39704
2021-04-09,29,32372
2021-04-10,11,38830
2021-04-11,7,11357
2021-04-12,38,15009
2021-04-13,48,36251
2021-04-14,122,38112
2021-04-15,29,16291
2021-04-16,24,27170
2021-04-17,13,35717
2021-04-18,10,37376
2021-04-19,28,33795
2021-04-20,43,44952
2021-04-21,12,25777
2021-04-22,49,25700
2021-04-23,18,35846
2021-04-24,10,47731
2021-04-25,1,22997
2021-04-26,38,32386
2021-04-27,70,36567
2021-04-28,32,45106
2021-04-29,33,26953
2021-04-30,16,32732
2021-05-01,11,40767
2021-05-02,19,41656
2021-05-03,37,26586
2021-05-04,44,36734
2021-05-05,38,20867
2021-05-06,77,42423
2021-05-07,29,39262
2021-05-08,18,23509
2021-05-09,9,24224
2021-05-10,34,29367
2021-05-11,91,38641
2021-05-12,99,41430
2021-05-13,91,43289
2021-05-14,46,45104
2021-05-15,13,49375
2021-05-16,21,39729
2021-05-17,50,40536
2021-05-18,48,46002
2021-05-19,94,47398
2021-05-20,100,46231
2021-05-21,17,45946
2021-05-22,22,44924
2021-05-23,1,40316
2021-05-24,39,37115
2021-05-25,78,44425
2021-05-26,75,39409
2021-05-27,95,46906
2021-05-28,22,26739
2021-05-29,19,11549
2021-05-30,11,8962
2021-05-31,14,34915
2021-06-01,36,42058
2021-06-02,42,44904
2021-06-03,40,25579
2021-06-04,30,30387
2021-06-05,25,46633
2021-06-06,35,39368
2021-06-07,21,39261
2021-06-08,69,30625
2021-06-09,24,40575
2021-06-10,67,47677
2021-06-11,21,41470
2021-06-12,7,44171
2021-06-13,5,40058
2021-06-14,21,29120
2021-06-15,51,46317
2021-06-16,84,48798
2021-06-17,44,48457
2021-06-18,32,46601
2021-06-19,29,39565
2021-06-20,13,39800
2021-06-21,24,39888
2021-06-22,33,28846
2021-06-23,73,48460
2021-06-24,54,47740
2021-06-25,37,45619
2021-06-26,47,41972
2021-06-27,22,39127
2021-06-28,38,37582
2021-06-29,65,37061
2021-06-30,65,34279
2021-07-01,80,26001
2021-07-02,24,27416
2021-07-03,19,21968
2021-07-04,6,33586
2021-07-05,22,36274
2021-07-06,45,31538
2021-07-07,65,39064
2021-07-08,42,29437
2021-07-09,17,28763
2021-07-10,11,40927
2021-07-11,24,36156
2021-07-12,20,30975
2021-07-13,73,40478
2021-07-14,51,41533
2021-07-15,39,42554
2021-07-16,18,39353
2021-07-17,7,30914
2021-07-18,14,35884
2021-07-19,47,39523
2021-07-20,41,41476
2021-07-21,65,38157
2021-07-22,63,45301
2021-07-23,63,41941
2021-07-24,22,42719
2021-07-25,11,33077
2021-07-26,37,38347
2021-07-27,75,41506
2021-07-28,97,44088
2021-07-29,80,28183
2021-07-30,53,42847
2021-07-31,39,44875
2021-08-01,21,34021
2021-08-02,23,40594
2021-08-03,41,43115
2021-08-04,66,42113
2021-08-05,41,43180
2021-08-06,48,41902
2021-08-07,21,42700
2021-08-08,11,25386
2021-08-09,28,36027
2021-08-10,57,37125
2021-08-11,61,37772
2021-08-12,106,38017
2021-08-13,31,36583
2021-08-14,3,38618
2021-08-15,37,39288
2021-08-16,10,38898
2021-08-17,41,40555
2021-08-18,45,39657
2021-08-19,34,38547
2021-08-20,18,38716
2021-08-21,12,35109
2021-08-22,NA,8666
2021-08-23,11,23837
2021-08-24,53,42303
2021-08-25,47,40792
2021-08-26,34,40154
2021-08-27,29,33044
2021-08-28,6,33401
2021-08-29,7,39236
2021-08-30,22,35857
2021-08-31,56,42170
2021-09-01,44,18007
2021-09-02,93,48280
2021-09-03,36,45511
2021-09-04,28,41566
2021-09-05,26,30547
2021-09-06,32,38685
2021-09-07,51,43562
2021-09-08,58,44360
2021-09-09,22,26427
2021-09-10,25,47999
2021-09-11,19,48163
2021-09-12,16,40225
2021-09-13,37,41159
2021-09-14,45,47905
2021-09-15,63,47572
2021-09-16,50,40306
2021-09-17,17,42876
2021-09-18,26,48798
2021-09-19,27,45745
2021-09-20,64,45374
2021-09-21,78,48226
2021-09-22,75,45388
2021-09-23,98,32294
2021-09-24,35,43189
2021-09-25,4,49348
2021-09-26,21,43039
2021-09-27,22,44417
2021-09-28,34,36128
2021-09-29,34,47466
2021-09-30,77,45552
2021-10-01,39,44582
2021-10-02,11,45667
2021-10-03,19,41133
2021-10-04,36,27462
2021-10-05,35,41387
2021-10-06,35,45216
2021-10-07,30,47043
2021-10-08,31,45429
2021-10-09,13,39827
2021-10-10,6,24298
2021-10-11,25,37344
2021-10-12,35,44169
2021-10-13,36,45230
2021-10-14,93,48132
2021-10-15,41,47019
2021-10-16,6,34943
2021-10-17,27,35439
2021-10-18,34,35889
2021-10-19,73,41216
2021-10-20,84,46436
2021-10-21,94,47213
2021-10-22,32,44109
2021-10-23,29,33179
2021-10-24,60,33237
2021-10-25,16,36569
2021-10-26,17,16497
2021-10-27,21,36134
2021-10-28,38,37821
2021-10-29,21,28268
2021-10-30,13,22836
2021-10-31,7,29328
2021-11-01,13,34402
2021-11-02,28,30560
2021-11-03,52,33190
2021-11-04,93,32879
2021-11-05,78,31906
2021-11-06,56,30327
2021-11-07,3,25739
2021-11-08,56,33732
2021-11-09,80,39433
2021-11-10,122,39589
2021-11-11,97,36115
2021-11-12,33,24326
2021-11-13,13,25874
2021-11-14,47,23839
2021-11-15,29,26030
2021-11-16,48,29446
2021-11-17,42,32581
2021-11-18,70,37608
2021-11-19,22,28042
2021-11-20,5,25956
2021-11-21,18,24656
2021-11-22,12,23421
2021-11-23,23,23455
2021-11-24,12,22932
2021-11-25,1,12473
2021-11-26,18,12241
2021-11-27,12,14994
2021-11-28,6,16169
2021-11-29,28,23244
2021-11-30,54,24246
2021-12-01,41,28335
2021-12-02,43,30292
2021-12-03,15,27279
2021-12-04,8,24157
2021-12-05,4,22932
2021-12-06,16,25194
2021-12-07,12,25320
2021-12-08,26,24317
2021-12-09,42,24586
2021-12-10,38,27298
2021-12-11,18,20891
2021-12-12,12,22255
2021-12-13,30,26041
2021-12-14,17,28574
2021-12-15,40,27818
2021-12-16,19,31720
2021-12-17,8,28760
2021-12-18,5,14742
2021-12-19,NA,15922
2021-12-20,NA,17762
2021-12-21,4,19805
2021-12-22,20,18164
2021-12-23,3,16821
2021-12-24,3,12107
2021-12-25,NA,5947
2021-12-26,NA,13374
2021-12-27,1,13208
2021-12-28,7,17309
2021-12-29,11,15846
2021-12-30,6,18419
2021-12-31,3,19353
2022-01-01,5,8522
2022-01-02,2,17397
2022-01-03,5,13763
2022-01-04,4,15968
2022-01-05,9,14781
2022-01-06,16,19873
2022-01-07,10,8977
2022-01-08,9,10752
2022-01-09,19,10112
2022-01-10,6,15084
2022-01-11,28,11464
2022-01-12,59,17378
2022-01-13,49,21983
2022-01-14,28,19600
2022-01-15,8,9656
2022-01-16,2,9296
2022-01-17,15,11404
2022-01-18,31,17306
2022-01-19,40,21615
2022-01-20,14,13349
2022-01-21,17,13619
2022-01-22,23,12229
2022-01-23,6,13347
2022-01-24,15,16069
2022-01-25,37,20576
2022-01-26,20,16343
2022-01-27,19,17562
2022-01-28,18,14425
2022-01-29,NA,1619
2022-01-30,2,4789
2022-01-31,14,9160
2022-02-01,30,11416
2022-02-02,10,15280
2022-02-03,26,11288
2022-02-04,6,9671
2022-02-05,21,11460
2022-02-06,7,11830
2022-02-07,11,13012
2022-02-08,37,21754
2022-02-09,56,22950
2022-02-10,41,26078
2022-02-11,17,27221
2022-02-12,9,29141
2022-02-13,2,10233
2022-02-14,19,13859
2022-02-15,49,15993
2022-02-16,68,22684
2022-02-17,66,28191
2022-02-18,23,19886
2022-02-19,10,14158
2022-02-20,21,13813
2022-02-21,39,22206
2022-02-22,74,15487
2022-02-23,51,28174
2022-02-24,38,19170
2022-02-25,14,12995
2022-02-26,19,17411
2022-02-27,19,18590
2022-02-28,18,18642
2022-03-01,24,22959
2022-03-02,39,28134
2022-03-03,70,22978
2022-03-04,45,20427
2022-03-05,17,20633
2022-03-06,17,21124
2022-03-07,59,27409
2022-03-08,51,25404
2022-03-09,15,11529
2022-03-10,79,25875
2022-03-11,18,28166
2022-03-12,11,9388
2022-03-13,9,12684
2022-03-14,15,24995
2022-03-15,63,32512
2022-03-16,76,34230
2022-03-17,30,18764
2022-03-18,63,37123
2022-03-19,7,27580
2022-03-20,21,26639
2022-03-21,20,30947
2022-03-22,68,32043
2022-03-23,40,24199
2022-03-24,16,16439
2022-03-25,48,30013
2022-03-26,28,22711
2022-03-27,18,18646
2022-03-28,15,15102
2022-03-29,42,18543
2022-03-30,64,23683
2022-03-31,53,25866
2022-04-01,73,25285
2022-04-02,40,28365
2022-04-03,40,14643
2022-04-04,20,28219
2022-04-05,57,27997
2022-04-06,27,16782
2022-04-07,22,14517
2022-04-08,30,34237
2022-04-09,9,25777
2022-04-10,11,22911
2022-04-11,14,29868
2022-04-12,83,37066
2022-04-13,110,41798
2022-04-14,100,35275
2022-04-15,42,38312
2022-04-16,17,31313
2022-04-17,1,21092
2022-04-18,15,21288
2022-04-19,60,21305
2022-04-20,106,32758
2022-04-21,63,31375
2022-04-22,23,38763
2022-04-23,7,33688
2022-04-24,29,32276
2022-04-25,26,30107
2022-04-26,37,28381
2022-04-27,74,32842
2022-04-28,62,29519
2022-04-29,21,33483
2022-04-30,53,39553
2022-05-01,18,43706
2022-05-02,7,19423
2022-05-03,41,37316
2022-05-04,42,26583
2022-05-05,97,43766
2022-05-06,53,15705
2022-05-07,11,9175
2022-05-08,22,21171
2022-05-09,40,34121
2022-05-10,87,39319
2022-05-11,82,39462
2022-05-12,71,38238
2022-05-13,27,35289
2022-05-14,33,30985
2022-05-15,15,41695
2022-05-16,17,29165
2022-05-17,75,48970
2022-05-18,44,47698
2022-05-19,57,32655
2022-05-20,4,34908
2022-05-21,10,43158
2022-05-22,40,38570
2022-05-23,9,42591
2022-05-24,61,43910
2022-05-25,26,47416
2022-05-26,32,45360
2022-05-27,38,34782
2022-05-28,17,30375
2022-05-29,15,41008
2022-05-30,11,40020
2022-05-31,53,42405
2022-06-01,40,38490
2022-06-02,79,35289
2022-06-03,44,45035
2022-06-04,25,48710
2022-06-05,21,44983
2022-06-06,38,45226
2022-06-07,97,43095
2022-06-08,94,50066
2022-06-09,115,43321
2022-06-10,53,47636
2022-06-11,14,44769
2022-06-12,19,30065
2022-06-13,33,45031
2022-06-14,69,50293
2022-06-15,131,51892
2022-06-16,43,36970
2022-06-17,58,46423
2022-06-18,32,42366
2022-06-19,23,40946
2022-06-20,44,44162
2022-06-21,77,41339
2022-06-22,50,34116
2022-06-23,60,45321
2022-06-24,46,48543
2022-06-25,15,45221
2022-06-26,34,39826
2022-06-27,32,29302
2022-06-28,23,49581
2022-06-29,48,49506
2022-06-30,57,47926
2022-07-01,35,42835
2022-07-02,12,34375
2022-07-03,21,36413
2022-07-04,18,33310
2022-07-05,54,36457
2022-07-06,58,46921
2022-07-07,84,47638
2022-07-08,67,40018
2022-07-09,26,44359
2022-07-10,26,41928
2022-07-11,34,44406
2022-07-12,66,42898
2022-07-13,76,46546
2022-07-14,115,46716
2022-07-15,59,45285
2022-07-16,24,39695
2022-07-17,8,40377
2022-07-18,31,30503
2022-07-19,67,45917
2022-07-20,88,44946
2022-07-21,52,42051
2022-07-22,68,42154
2022-07-23,21,39291
2022-07-24,13,35461
2022-07-25,31,34333
2022-07-26,56,48420
2022-07-27,61,49279
2022-07-28,47,43484
2022-07-29,22,43454
2022-07-30,12,45159
2022-07-31,40,40642
2022-08-01,31,35042
2022-08-02,57,47818
2022-08-03,37,48302
2022-08-04,78,46511
2022-08-05,64,43489
2022-08-06,78,45373
2022-08-07,52,34809
2022-08-08,38,40244
2022-08-09,105,40908
2022-08-10,119,47621
2022-08-11,105,42290
2022-08-12,75,47338
2022-08-13,51,50651
2022-08-14,55,44174
2022-08-15,27,44316
2022-08-16,53,49057
2022-08-17,90,46949
2022-08-18,48,48540
2022-08-19,29,45950
2022-08-20,23,47976
2022-08-21,39,41533
2022-08-22,35,30119
2022-08-23,48,44209
2022-08-24,109,48032
2022-08-25,88,46800
2022-08-26,65,40538
2022-08-27,37,42878
2022-08-28,71,40133
2022-08-29,36,42000
2022-08-30,75,43828
2022-08-31,91,47056
2022-09-01,77,47367
2022-09-02,49,46420
2022-09-03,47,42345
2022-09-04,37,38909
2022-09-05,9,34268
2022-09-06,14,18121
2022-09-07,57,43247
2022-09-08,55,52199
2022-09-09,68,51153
2022-09-10,41,48881
2022-09-11,27,26912
2022-09-12,31,42022
2022-09-13,76,43810
2022-09-14,134,51394
2022-09-15,71,51654
2022-09-16,98,48890
2022-09-17,35,47261
2022-09-18,33,44071
2022-09-19,20,40612
2022-09-20,59,50837
2022-09-21,64,53577
2022-09-22,49,35834
2022-09-23,36,43199
2022-09-24,51,41073
2022-09-25,57,31698
2022-09-26,37,40563
2022-09-27,80,45566
2022-09-28,76,48496
2022-09-29,71,46602
2022-09-30,56,42401
2022-10-01,48,20687
2022-10-02,27,17571
2022-10-03,22,21090
2022-10-04,21,18740
2022-10-05,46,24858
2022-10-06,77,47145
2022-10-07,88,45498
2022-10-08,53,36828
2022-10-09,28,33711
2022-10-10,32,37229
2022-10-11,58,45164
2022-10-12,79,45901
2022-10-13,90,28193
2022-10-14,56,41626
2022-10-15,25,41560
2022-10-16,42,36144
2022-10-17,17,30677
2022-10-18,108,39714
2022-10-19,59,38383
2022-10-20,45,39181
2022-10-21,77,39928
2022-10-22,33,40539
2022-10-23,28,23599
2022-10-24,27,25066
2022-10-25,38,34850
2022-10-26,55,40170
2022-10-27,56,43738
2022-10-28,34,38563
2022-10-29,37,36144
2022-10-30,13,34094
2022-10-31,24,35581
2022-11-01,47,37738
2022-11-02,50,42732
2022-11-03,73,41342
2022-11-04,39,40545
2022-11-05,5,41781
2022-11-06,37,32348
2022-11-07,67,39983
2022-11-08,51,35448
2022-11-09,46,34775
2022-11-10,104,38792
2022-11-11,26,20106
2022-11-12,12,36777
2022-11-13,53,23658
2022-11-14,20,27018
2022-11-15,29,24058
2022-11-16,43,26105
2022-11-17,37,28444
2022-11-18,34,26561
2022-11-19,8,21334
2022-11-20,41,17020
2022-11-21,14,22170
2022-11-22,71,27113
2022-11-23,30,27088
2022-11-24,6,13228
2022-11-25,24,15709
2022-11-26,23,22675
2022-11-27,20,14547
2022-11-28,36,27276
2022-11-29,44,28002
2022-11-30,34,19091
2022-12-01,58,27526
2022-12-02,46,28386
2022-12-03,9,17426
2022-12-04,20,23619
2022-12-05,30,27837
2022-12-06,22,20827
2022-12-07,37,26932
2022-12-08,42,33334
2022-12-09,39,28406
2022-12-10,11,22598
2022-12-11,15,14424
2022-12-12,22,23189
2022-12-13,33,24575
2022-12-14,13,25395
2022-12-15,11,17903
2022-12-16,7,13883
2022-12-17,15,21784
2022-12-18,24,18412
2022-12-19,14,21525
2022-12-20,31,23432
2022-12-21,16,23411
2022-12-22,28,16225
2022-12-23,6,12684
2022-12-24,3,6263
2022-12-25,NA,5047
2022-12-26,19,10778
2022-12-27,25,15945
2022-12-28,41,19255
2022-12-29,40,21990
2022-12-30,10,25626
2022-12-31,4,13932
2023-01-01,10,19356
2023-01-02,44,23069
2023-01-03,29,20904
2023-01-04,52,28167
2023-01-05,44,28525
2023-01-06,27,24237
2023-01-07,10,22643
2023-01-08,31,20162
2023-01-09,35,24150
2023-01-10,28,26227
2023-01-11,41,25790
2023-01-12,26,19719
2023-01-13,21,25073
2023-01-14,7,17771
2023-01-15,9,17727
2023-01-16,19,20275
2023-01-17,46,26669
2023-01-18,36,30568
2023-01-19,16,15069
2023-01-20,33,27233
2023-01-21,22,22996
2023-01-22,24,17787
2023-01-23,13,15518
2023-01-24,39,27092
2023-01-25,39,16510
2023-01-26,72,25173
2023-01-27,16,26647
2023-01-28,5,26113
2023-01-29,20,24111
2023-01-30,67,29168
2023-01-31,35,23061
2023-02-01,63,22557
2023-02-02,48,25161
2023-02-03,14,15443
2023-02-04,5,10594
2023-02-05,17,19869
2023-02-06,41,26391
2023-02-07,29,25812
2023-02-08,72,31490
2023-02-09,61,29329
2023-02-10,35,33090
2023-02-11,17,23701
2023-02-12,27,22287
2023-02-13,7,29257
2023-02-14,42,31468
2023-02-15,65,35591
2023-02-16,30,28538
2023-02-17,13,18865
2023-02-18,12,20135
2023-02-19,25,21185
2023-02-20,12,28069
2023-02-21,33,21828
2023-02-22,37,19887
2023-02-23,64,25007
2023-02-24,21,23216
2023-02-25,27,16819
2023-02-26,28,21971
2023-02-27,29,22702
2023-02-28,30,13695
2023-03-01,67,25820
2023-03-02,58,27809
2023-03-03,25,25036
2023-03-04,13,22134
2023-03-05,37,27467
2023-03-06,32,28773
2023-03-07,61,24980
2023-03-08,55,27553
2023-03-09,61,29863
2023-03-10,26,22247
2023-03-11,9,18395
2023-03-12,15,22977
2023-03-13,20,13589
2023-03-14,8,13704
2023-03-15,30,22668
2023-03-16,60,32010
2023-03-17,63,31513
2023-03-18,32,28600
2023-03-19,25,18881
2023-03-20,34,26803
2023-03-21,24,35794
2023-03-22,104,34350
2023-03-23,67,28708
2023-03-24,89,29549
2023-03-25,43,14297
2023-03-26,48,36225
2023-03-27,44,25449
2023-03-28,70,31111
2023-03-29,170,34862
2023-03-30,136,28482
2023-03-31,71,29752
2023-04-01,40,24042
2023-04-02,44,27653
2023-04-03,20,31927
2023-04-04,62,42507
2023-04-05,37,29664
2023-04-06,61,35627
2023-04-07,61,30382
2023-04-08,48,28572
2023-04-09,14,27508
2023-04-10,32,34291
2023-04-11,57,40853
2023-04-12,118,44671
2023-04-13,117,45889
2023-04-14,54,43452
2023-04-15,32,34061
2023-04-16,23,38147
2023-04-17,62,32140
2023-04-18,78,35483
2023-04-19,99,38662
2023-04-20,128,41082
2023-04-21,54,40008
2023-04-22,4,36752
2023-04-23,52,29790
2023-04-24,12,35920
2023-04-25,79,39712
2023-04-26,88,38522
2023-04-27,49,36513
2023-04-28,55,30410
2023-04-29,11,10501
2023-04-30,8,12685
2023-05-01,24,35535
2023-05-02,35,31699
2023-05-03,96,36046
2023-05-04,83,32061
2023-05-05,68,39844
2023-05-06,44,45028
2023-05-07,38,50496
2023-05-08,55,42954
2023-05-09,60,42458
2023-05-10,76,45952
2023-05-11,85,47650
2023-05-12,42,46162
2023-05-13,15,44117
2023-05-14,44,39673
2023-05-15,60,41703
2023-05-16,56,45972
2023-05-17,93,43243
2023-05-18,42,41473
2023-05-19,39,41996
2023-05-20,7,17717
2023-05-21,37,41520
2023-05-22,38,41173
2023-05-23,24,43939
2023-05-24,25,43409
2023-05-25,36,43510
2023-05-26,42,42969
2023-05-27,26,39684
2023-05-28,9,37183
2023-05-29,8,38331
2023-05-30,36,42620
2023-05-31,28,44635
2023-06-01,46,47328
2023-06-02,28,41547
2023-06-03,20,39127
2023-06-04,25,35186
2023-06-05,10,42835
2023-06-06,35,41148
2023-06-07,91,33156
2023-06-08,34,31332
2023-06-09,24,36126
2023-06-10,17,42355
2023-06-11,16,40243
2023-06-12,15,33744
2023-06-13,55,47814
2023-06-14,111,41336
2023-06-15,68,48710
2023-06-16,25,36122
2023-06-17,16,41434
2023-06-18,19,40038
2023-06-19,45,42543
2023-06-20,85,45729
2023-06-21,86,46085
2023-06-22,110,35962
2023-06-23,35,34387
2023-06-24,21,33495
2023-06-25,29,37680
2023-06-26,26,34044
2023-06-27,14,38738
2023-06-28,78,42715
2023-06-29,23,44003
2023-06-30,14,30709
